name,type,lat,lng,population_lakh,income_k_month,footfall_day,competitors,rent_sqft_month,access_score,actual_sales_cr
Andheri West,existing,19.1364,72.8296,3.2,150,42000,5,260,9,30.4
Dadar West,existing,19.0178,72.8478,2.6,130,48000,5,240,10,18.6
Powai,existing,19.1176,72.9060,2.0,210,30000,4,220,6,22.3
Chembur,existing,19.0522,72.9005,2.8,120,32000,4,170,8,20.1
Bandra West,candidate,19.0596,72.8295,1.8,260,45000,7,380,8,
Lower Parel,candidate,18.9980,72.8302,0.9,200,65000,4,350,9,
Goregaon East,candidate,19.1663,72.8526,3.0,140,36000,4,180,8,
Borivali West,candidate,19.2307,72.8567,4.0,120,40000,4,150,9,
Thane West,candidate,19.2183,72.9781,4.2,115,36000,4,110,8,
Ghatkopar East,candidate,19.0790,72.9080,3.0,125,38000,5,170,9,
Vashi,candidate,19.0771,72.9986,2.6,130,30000,3,120,7,
Mulund West,candidate,19.1726,72.9425,2.7,120,26000,3,130,7,
